youtubeId,movieId,title
_1cjHboN8Mw,178,Love & Human Remains (1993)
_4KVCVX1MrQ,358,Higher Learning (1995)
_1OJoYCDw-g,1005,D3: The Mighty Ducks (1996)
__b9Su1kubg,2085,101 Dalmatians (One Hundred and One Dalmatians) (1961)
_0LkiWPmnns,2587,Life (1999)
_2vDT46nmMA,3244,"Goodbye Girl, The (1977)"
_3o4gqFnAP4,3522,Sacco and Vanzetti (Sacco e Vanzetti) (1971)
_0jhAYDiFwo,3979,Little Nicky (2000)
_2rQqjyTzjg,4868,Bangkok Dangerous (2000)
__aoalbyZWQ,6025,CB4 - The Movie (1993)
_2u0LJdSqRM,6108,"That Night in Varennes (Nuit de Varennes, La) (1982)"
_4WgxKTJ09E,7897,"Ballad of Cable Hogue, The (1970)"
_4Fjpx5kxzs,8602,Shadows (1959)
_5L3hGxHumY,8951,Vera Drake (2004)
_0-UwlKeRxM,26387,"Man Who Loved Women, The (Homme qui aimait les femmes, L') (1977)"
_5ZGcob1q7s,26676,Almost an Angel (1990)
_3CH_azOMh4,27002,From the Earth to the Moon (1998)
_5LJAkm633k,41353,Ziegfeld Follies (1945)
_6Mx3HZ4_tI,60408,Welcome to the Sticks (Bienvenue chez les Ch'tis) (2008)
_1Hj6p-Dfi8,68474,Riders of Destiny (1933)
_1sQedSS5iQ,69988,Humpday (2009)
_4LSg8s5XF4,72701,Planet 51 (2009)
_0f9Ri4CTAs,74493,"Steam Experiment, The (2009)"
_1jbdvTH4fg,77810,Diary of a Nymphomaniac (Diario de una Ninf¨®mana) (2008)
_1FuF2lXVWY,85574,Black Bread (Pa Negre) (2010)
__2kl5yYVvY,97670,My Forbidden Past (1951)
_5Z2zG6xMA0,98067,"Well Digger's Daughter, The (La fille du puisatier) (2011)"
_3bNWtXhH8o,100167,Murder by Proxy: How America Went Postal (2010)
_3_5YyFEzu8,101166,And Now the Screaming Starts! (1973)
__E10mXTOEc,104680,"Last of Robin Hood, The (2013)"
_0b5y4lGunk,107447,Wrong Cops (2013)
_1O0iMgXyKE,113955,Beauty and the Boss (1932)
_1MDrwqjeGo,114184,Camp X-Ray (2014)
_3WNmW5X8dI,116702,Zatoichi (1989)
